<?xml version="1.0" encoding="UTF-8"?>
<project-private xmlns="http://www.netbeans.org/ns/project-private/1">
    <editor-bookmarks xmlns="http://www.netbeans.org/ns/editor-bookmarks/2" lastBookmarkId="0"/>
    <open-files xmlns="http://www.netbeans.org/ns/projectui-open-files/2">
        <group>
            <file>file:/C:/Users/Acer/OneDrive/Documents/NetBeansProjects/CAB_SERVICE_CCP%20final/CAB_SERVICE%20final/src/CCP/UserRideBooking.java</file>
            <file>file:/C:/Users/Acer/OneDrive/Documents/NetBeansProjects/CAB_SERVICE_CCP%20final/CAB_SERVICE%20final/src/CCP/login_form.java</file>
            <file>file:/C:/Users/Acer/OneDrive/Documents/NetBeansProjects/CAB_SERVICE_CCP%20final/CAB_SERVICE%20final/src/CCP/UserDashboard.java</file>
            <file>file:/C:/Users/Acer/OneDrive/Documents/NetBeansProjects/CAB_SERVICE_CCP%20final/CAB_SERVICE%20final/src/CCP/RidesBookingDetails.java</file>
            <file>file:/C:/Users/Acer/OneDrive/Documents/NetBeansProjects/CAB_SERVICE_CCP%20final/CAB_SERVICE%20final/src/CCP/UserSignup.java</file>
            <file>file:/C:/Users/Acer/OneDrive/Documents/NetBeansProjects/CAB_SERVICE_CCP%20final/CAB_SERVICE%20final/src/CCP/SignupTypes.java</file>
        </group>
    </open-files>
</project-private>
